,age_gt_mean,fnlwgt_gt_mean,education-num_gt_mean,capital-gain_gt_mean,capital-loss_gt_mean,hours-per-week_gt_mean,workclass_Federal-gov,workclass_Local-gov,workclass_Private,workclass_Self-emp-inc,workclass_Self-emp-not-inc,workclass_State-gov,workclass_Without-pay,education_10th,education_11th,education_12th,education_1st-4th,education_5th-6th,education_7th-8th,education_9th,education_Assoc-acdm,education_Assoc-voc,education_Bachelors,education_Doctorate,education_HS-grad,education_Masters,education_Preschool,education_Prof-school,education_Some-college,marital-status_Divorced,marital-status_Married-AF-spouse,marital-status_Married-civ-spouse,marital-status_Married-spouse-absent,marital-status_Never-married,marital-status_Separated,marital-status_Widowed,occupation_Adm-clerical,occupation_Armed-Forces,occupation_Craft-repair,occupation_Exec-managerial,occupation_Farming-fishing,occupation_Handlers-cleaners,occupation_Machine-op-inspct,occupation_Other-service,occupation_Priv-house-serv,occupation_Prof-specialty,occupation_Protective-serv,occupation_Sales,occupation_Tech-support,occupation_Transport-moving,relationship_Husband,relationship_Not-in-family,relationship_Other-relative,relationship_Own-child,relationship_Unmarried,relationship_Wife,race_Amer-Indian-Eskimo,race_Asian-Pac-Islander,race_Black,race_Other,race_White,sex_Female,sex_Male,native-country_Cambodia,native-country_Canada,native-country_China,native-country_Columbia,native-country_Cuba,native-country_Dominican-Republic,native-country_Ecuador,native-country_El-Salvador,native-country_England,native-country_France,native-country_Germany,native-country_Greece,native-country_Guatemala,native-country_Haiti,native-country_Holand-Netherlands,native-country_Honduras,native-country_Hong,native-country_Hungary,native-country_India,native-country_Iran,native-country_Ireland,native-country_Italy,native-country_Jamaica,native-country_Japan,native-country_Laos,native-country_Mexico,native-country_Nicaragua,native-country_Outlying-US(Guam-USVI-etc),native-country_Peru,native-country_Philippines,native-country_Poland,native-country_Portugal,native-country_Puerto-Rico,native-country_Scotland,native-country_South,native-country_Taiwan,native-country_Thailand,native-country_Trinadad&Tobago,native-country_United-States,native-country_Vietnam,native-country_Yugoslavia
cluster_0,0.62,0.403,0.001,0.084,0.053,0.343,0.043,0.108,0.444,0.079,0.275,0.05,0.001,0.052,0.048,0.019,0.007,0.017,0.058,0.031,0.001,0.0,0.0,-0.0,0.765,-0.0,0.001,0.0,-0.0,-0.0,0.001,0.999,0.0,0.0,0.0,0.0,0.031,0.001,0.582,0.086,0.082,0.01,0.008,0.033,-0.0,0.011,0.033,0.054,0.009,0.06,0.992,0.0,0.005,0.003,0.0,-0.0,0.008,0.015,0.045,0.006,0.926,0.0,1.0,0.001,0.002,0.002,0.001,0.003,0.001,0.001,0.003,0.002,0.0,0.003,0.003,0.001,0.001,-0.0,0.0,0.0,0.001,0.001,-0.0,0.0,0.006,0.001,0.001,0.0,0.022,0.001,0.0,0.001,0.0,0.003,0.002,0.003,-0.0,0.002,0.001,0.0,0.001,0.929,0.001,-0.0
cluster_1,0.106,0.45,0.05,0.021,0.021,0.087,0.019,0.037,0.883,0.005,0.02,0.037,0.0,0.035,0.07,0.024,0.005,0.008,0.009,0.012,0.019,0.025,0.002,0.0,0.365,0.003,0.003,0.001,0.419,0.007,0.001,0.005,0.011,0.96,0.014,0.002,0.281,-0.0,0.02,0.053,0.006,0.025,0.062,0.259,0.017,0.04,0.008,0.188,0.03,0.011,0.0,0.318,0.058,0.497,0.128,-0.0,0.009,0.025,0.172,0.011,0.783,1.0,0.0,0.0,0.001,-0.0,0.002,0.001,0.005,0.001,0.005,0.002,-0.0,0.003,0.0,0.003,0.002,0.0,0.0,0.0,0.001,0.001,0.001,0.001,0.0,0.008,0.001,0.001,0.019,0.002,0.0,0.002,0.004,0.001,0.001,0.004,-0.0,0.002,0.0,0.0,0.001,0.919,0.004,0.0
cluster_2,0.645,0.416,1.0,0.17,0.088,0.511,0.043,0.086,0.617,0.082,0.111,0.062,0.0,-0.0,0.0,-0.0,0.0,-0.0,0.0,0.0,0.078,0.123,0.495,0.051,0.0,0.177,-0.0,0.076,-0.0,-0.0,0.001,0.998,0.0,0.0,0.0,0.001,0.046,0.0,0.083,0.269,0.023,0.011,0.018,0.016,0.0,0.319,0.025,0.134,0.038,0.017,0.992,0.001,0.004,0.002,0.001,0.0,0.002,0.048,0.032,0.004,0.915,-0.0,1.0,0.0,0.006,0.005,0.001,0.003,0.0,0.001,0.002,0.005,0.002,0.006,0.002,0.0,0.0,0.0,0.0,0.001,0.0,0.011,0.004,0.001,0.003,0.001,0.004,0.0,0.004,0.001,0.0,0.0,0.01,0.001,0.001,0.002,0.0,0.003,0.004,0.0,-0.0,0.91,0.002,0.001
cluster_3,0.577,0.433,0.0,0.11,0.06,0.428,0.043,0.067,0.679,0.066,0.112,0.032,0.0,0.0,-0.0,-0.0,-0.0,0.0,0.0,-0.0,-0.0,0.0,0.0,-0.0,-0.0,-0.0,-0.0,0.0,1.0,-0.0,0.0,1.0,0.0,0.0,-0.0,0.0,0.064,0.0,0.219,0.177,0.04,0.032,0.056,0.037,-0.0,0.064,0.048,0.152,0.04,0.071,0.991,0.0,0.005,0.003,0.0,0.0,0.011,0.021,0.059,0.004,0.906,0.0,1.0,0.001,0.003,0.0,0.001,0.003,0.0,0.0,0.003,0.0,-0.0,0.006,0.0,0.001,0.001,-0.0,0.0,0.0,0.0,0.001,0.0,0.0,0.001,0.003,0.0,0.0,0.009,0.0,0.0,0.001,0.006,0.002,-0.0,0.003,0.0,0.002,0.001,0.0,0.0,0.947,0.001,0.0
cluster_4,0.098,0.502,0.036,0.027,0.025,0.203,0.017,0.035,0.86,0.013,0.047,0.027,0.001,0.048,0.075,0.032,0.006,0.015,0.017,0.024,0.014,0.016,0.0,0.001,0.424,0.003,0.003,0.0,0.32,0.002,0.0,0.002,0.007,0.975,0.013,0.001,0.085,0.001,0.174,0.041,0.057,0.145,0.083,0.174,0.001,0.03,0.022,0.1,0.02,0.067,0.0,0.362,0.081,0.494,0.062,-0.0,0.013,0.028,0.117,0.01,0.832,-0.0,1.0,0.001,0.003,0.001,0.002,0.001,0.003,0.001,0.008,0.002,0.0,0.002,0.001,0.005,0.002,0.0,0.001,0.001,-0.0,0.002,0.001,0.001,0.001,0.002,0.001,0.001,0.039,0.002,0.001,0.002,0.005,0.001,0.0,0.005,0.0,0.002,0.0,0.0,-0.0,0.894,0.004,0.0
cluster_5,0.222,0.449,1.0,0.076,0.044,0.339,0.04,0.106,0.713,0.019,0.05,0.072,0.0,0.0,-0.0,-0.0,0.0,-0.0,0.0,-0.0,0.07,0.073,0.67,0.023,-0.0,0.133,-0.0,0.031,-0.0,0.025,-0.0,-0.0,0.016,0.929,0.019,0.011,0.132,0.0,0.032,0.169,0.011,0.01,0.011,0.046,0.002,0.386,0.015,0.118,0.057,0.009,0.0,0.754,0.024,0.178,0.044,-0.0,0.004,0.052,0.073,0.007,0.864,0.506,0.494,0.001,0.005,0.004,0.001,0.004,0.001,0.0,0.001,0.005,0.002,0.005,0.0,0.0,0.0,-0.0,0.0,0.001,0.001,0.004,0.001,0.001,0.002,0.002,0.001,0.0,0.006,0.0,0.001,0.0,0.01,0.002,0.001,0.001,0.001,0.003,0.005,0.001,0.001,0.922,0.002,-0.0
cluster_6,0.655,0.44,0.27,0.087,0.047,0.381,0.038,0.055,0.701,0.046,0.124,0.037,0.0,0.032,0.031,0.012,0.007,0.012,0.025,0.019,0.038,0.042,0.116,0.009,0.389,0.046,0.003,0.018,0.2,0.743,-0.0,0.002,0.058,0.015,0.126,0.056,0.058,0.0,0.227,0.131,0.044,0.054,0.081,0.069,-0.0,0.083,0.033,0.101,0.025,0.095,0.0,0.703,0.029,0.073,0.194,0.0,0.012,0.019,0.099,0.007,0.863,0.0,1.0,0.0,0.003,0.002,0.003,0.002,0.002,-0.0,0.002,0.002,0.001,0.004,0.0,0.003,0.002,-0.0,0.001,0.0,0.0,0.003,0.004,0.0,0.001,0.001,0.003,-0.0,0.019,0.001,0.0,0.0,0.003,0.004,0.002,0.004,0.0,0.0,-0.0,0.0,0.0,0.924,0.0,-0.0
cluster_7,0.714,0.407,0.237,0.046,0.031,0.181,0.04,0.098,0.755,0.012,0.043,0.05,0.001,0.031,0.034,0.009,0.006,0.008,0.022,0.016,0.044,0.053,0.076,0.007,0.395,0.049,0.001,0.007,0.243,0.646,0.0,0.0,0.034,0.014,0.133,0.173,0.271,-0.0,0.032,0.131,0.007,0.017,0.065,0.187,0.017,0.119,0.008,0.105,0.032,0.01,0.0,0.405,0.032,0.038,0.525,-0.0,0.015,0.02,0.159,0.008,0.798,1.0,0.0,-0.0,0.004,0.001,0.003,0.005,0.003,0.001,0.002,0.004,0.001,0.007,0.0,0.002,0.002,0.0,0.001,0.0,0.001,0.001,0.001,0.001,0.002,0.003,0.002,0.0,0.01,0.001,0.001,0.002,0.005,0.001,0.001,0.007,0.001,0.003,0.0,0.001,0.001,0.917,0.001,0.0
cluster_8,0.563,0.456,-0.0,0.086,0.042,0.344,-0.0,0.0,1.0,0.0,0.0,-0.0,0.0,0.057,0.059,0.016,0.017,0.03,0.051,0.039,-0.0,0.0,0.0,-0.0,0.728,-0.0,0.003,0.0,-0.0,-0.0,0.001,0.999,0.0,0.0,-0.0,0.0,0.054,-0.0,-0.0,0.085,0.048,0.102,0.228,0.093,-0.0,0.027,0.017,0.128,0.017,0.2,0.984,0.0,0.009,0.006,0.0,-0.0,0.011,0.021,0.077,0.012,0.878,0.0,1.0,0.002,0.003,0.003,0.001,0.005,0.003,0.001,0.002,0.001,0.0,0.002,0.0,0.003,0.001,-0.0,0.0,0.0,0.0,0.001,0.001,0.001,0.004,0.001,0.001,0.001,0.06,0.001,0.0,0.001,0.006,0.002,0.002,0.003,0.0,0.001,-0.0,0.0,0.001,0.878,0.002,0.001
cluster_9,0.515,0.393,0.394,0.126,0.06,0.188,0.029,0.106,0.703,0.029,0.084,0.048,0.002,0.018,0.018,0.01,0.003,0.009,0.014,0.014,0.049,0.054,0.189,0.012,0.325,0.073,0.001,0.018,0.195,-0.0,0.007,0.993,0.0,0.0,-0.0,-0.0,0.247,0.0,0.018,0.162,0.011,0.012,0.062,0.125,0.01,0.21,0.005,0.092,0.035,0.012,-0.0,0.001,0.033,0.012,0.0,0.954,0.012,0.045,0.094,0.01,0.84,1.0,0.0,0.001,0.006,0.007,0.001,0.004,0.004,0.001,0.004,0.004,0.001,0.005,0.002,0.001,0.003,0.0,0.001,0.002,0.001,0.001,0.002,0.0,0.004,0.002,0.003,0.002,0.014,0.001,0.001,0.001,0.014,0.003,0.003,0.007,0.001,0.005,0.003,0.001,0.001,0.878,0.003,0.001
